Company,Role,Type,City,Region,Visa,Salary (est.),Careers / Apply URL,Known Contact,Find Recruiter (LinkedIn search),Notes,Status,Date Reached Out,Recruiter Name,Response,Next Step,Link Status,Last Verified
Monzo,Group PM / Product Manager,Product,"London, UK",London,Sponsors visa,£115k–£140k + equity,https://monzo.com/careers/,,https://www.linkedin.com/search/results/people/?keywords=Monzo%20product%20recruiter,Explicitly states 'We can sponsor visas' + relocation help on PM listings. UK's 7th largest bank.,,,,,,ok,2026-09-28
Revolut,Product Manager / Product Owner,Product,"London, UK",London,Sponsors visa,£70k–£120k+,https://www.revolut.com/careers/,,https://www.linkedin.com/search/results/people/?keywords=Revolut%20product%20recruiter,"One of UK's largest fintechs; strong sponsor track record. High bar, fast process.",,,,,,ok,2026-09-28
Wise,Product Manager,Product,"London, UK",London,Sponsors visa,£80k–£130k,https://www.wise.jobs/,,https://www.linkedin.com/search/results/people/?keywords=Wise%20product%20recruiter,London-HQ fintech with established Skilled Worker sponsorship.,,,,,,ok,2026-09-28
Google (London),Product Manager,Product,London (King's Cross),London,Sponsors visa,£110k–£160k+,https://www.google.com/about/careers/applications/,,https://www.linkedin.com/search/results/people/?keywords=Google%20product%20recruiter,Major London PM hub; reliable sponsor. Internal Uber→Google moves are common.,,,,,,ok,2026-09-28
Stripe,Product Manager,Product,London / Dublin,London,Sponsors visa,£100k–£150k+,https://stripe.com/jobs,,https://www.linkedin.com/search/results/people/?keywords=Stripe%20product%20recruiter,Infra/payments PM roles; technical JDs help visa case. Also Dublin office.,,,,,,ok,2026-09-28
Checkout.com,Product Manager,Product,"London, UK",London,Likely / check,£90k–£130k,https://www.checkout.com/careers,,https://www.linkedin.com/search/results/people/?keywords=Checkout.com%20product%20recruiter,London payments scaleup; confirm sponsorship per role.,,,,,,ok,2026-09-28
Deliveroo,Product Manager / Ops Strategy,Ops,"London, UK",London,Likely / check,£75k–£120k,https://careers.deliveroo.co.uk/,,https://www.linkedin.com/search/results/people/?keywords=Deliveroo%20operations%20recruiter,Marketplace/ops DNA — excellent fit for Uber background. Strategy & Planning + PM roles.,,,,,,ok,2026-09-28
GoCardless,Product Manager,Product,"London, UK",London,Likely / check,£85k–£125k,https://gocardless.com/careers/,,https://www.linkedin.com/search/results/people/?keywords=GoCardless%20product%20recruiter,London fintech; check sponsorship on listing.,,,,,,ok,2026-09-28
Bumble,Product Manager,Product,"London, UK",London,Likely / check,£90k–£130k,https://team.bumble.com/,,https://www.linkedin.com/search/results/people/?keywords=Bumble%20product%20recruiter,Consumer product org in London.,,,,,,ok,2026-09-28
On (On Running),Product Manager,Product,"Zurich, Switzerland",Europe,Likely / check,CHF 120k–170k,https://www.on.com/en/careers,,https://www.linkedin.com/search/results/people/?keywords=On%20product%20recruiter,"Scenic Zurich HQ; global brand, relocates international talent. Confirm sponsorship.",,,,,,ok,2026-09-28
Proton,Product Manager,Product,"Geneva, Switzerland",Europe,Likely / check,CHF 110k–160k,https://proton.me/careers,,https://www.linkedin.com/search/results/people/?keywords=Proton%20product%20recruiter,Privacy-tech in scenic Geneva. Mission-driven; international team.,,,,,,ok,2026-09-28
Scandit,Product Manager,Product,"Zurich, Switzerland",Europe,Likely / check,CHF 120k–160k,https://scandit.com/careers/,,https://www.linkedin.com/search/results/people/?keywords=Scandit%20product%20recruiter,"Computer-vision scaleup, Zurich. Relocates talent for senior roles.",,,,,,ok,2026-09-28
Google (Zurich),Product Manager,Product,"Zurich, Switzerland",Europe,Sponsors visa,CHF 140k–200k+,https://www.google.com/about/careers/applications/,,https://www.linkedin.com/search/results/people/?keywords=Google%20product%20recruiter,Google's largest eng hub outside US; scenic + reliable sponsor.,,,,,,ok,2026-09-28
Booking.com,Product Manager,Product,"Amsterdam, NL",Europe,Sponsors visa,€80k–€130k,https://careers.booking.com/,,https://www.linkedin.com/search/results/people/?keywords=Booking.com%20product%20recruiter,One of NL's biggest Highly-Skilled-Migrant visa sponsors. Marketplace/travel PM.,,,,,,ok,2026-09-28
Adyen,Product Manager,Product,"Amsterdam, NL",Europe,Sponsors visa,€80k–€130k,https://careers.adyen.com/,,https://www.linkedin.com/search/results/people/?keywords=Adyen%20product%20recruiter,Payments leader; regularly sponsors HSM visas in Amsterdam.,,,,,,ok,2026-09-28
Mollie,Product Manager,Product,"Amsterdam, NL",Europe,Likely / check,€75k–€115k,https://jobs.mollie.com/,,https://www.linkedin.com/search/results/people/?keywords=Mollie%20product%20recruiter,Amsterdam payments scaleup.,,,,,,ok,2026-09-28
Picnic Technologies,Product Manager / Product Owner,Product,"Amsterdam, NL",Europe,EU permit needed,€60k–€95k,https://jaabz.com/jobs/209264-product-manager-consumer-app,,https://www.linkedin.com/search/results/people/?keywords=Picnic%20Technologies%20product%20recruiter,Hires PMs year-round BUT current listing requires EU work permit — confirm before investing.,,,,,,unknown,2026-09-28
N26,(Senior) Product Manager,Product,Berlin / Vienna / Barcelona,Europe,Sponsors visa,€75k–€115k,https://n26.com/en/careers,candidate.exp@n26.com (candidate experience inbox),https://www.linkedin.com/search/results/people/?keywords=N26%20product%20recruiter,Relocation + visa support stated on PM listings. 80+ nationalities.,,,,,,ok,2026-09-28
Scout24,Product Manager (Growth),Product,"Berlin / Munich, DE",Europe,Sponsors visa,€80k–€110k,https://jaabz.com/jobs/232423-produktmanager-wmd,,https://www.linkedin.com/search/results/people/?keywords=Scout24%20product%20recruiter,Relocation agency + visa support; PropTech marketplace (3–5 yrs PM ideal).,,,,,,unknown,2026-09-28
Delivery Hero,Product Manager,Product,"Berlin, DE",Europe,Sponsors visa,€75k–€115k,https://careers.deliveryhero.com/,,https://www.linkedin.com/search/results/people/?keywords=Delivery%20Hero%20product%20recruiter,Global food-delivery (owns Talabat) — strong fit for Uber/marketplace background.,,,,,,ok,2026-09-28
Zalando,Product Manager,Product,"Berlin, DE",Europe,Likely / check,€75k–€110k,https://jobs.zalando.com/en/,,https://www.linkedin.com/search/results/people/?keywords=Zalando%20product%20recruiter,Large Berlin e-commerce org; relocates international PMs.,,,,,,ok,2026-09-28
NavVis,Cloud Product Owner / PM,Product,"Munich, DE",Europe,Sponsors visa,€80k–€110k,https://jaabz.com/jobs/223538-technical-product-manager-saas-fmd,,https://www.linkedin.com/search/results/people/?keywords=NavVis%20product%20recruiter,Full visa + relocation support stated. Enterprise SaaS / spatial computing.,,,,,,unknown,2026-09-28
Spotify,Product Manager,Product,"Stockholm, SE",Europe,Sponsors visa,SEK 800k–1.2M,https://www.lifeatspotify.com/jobs,,https://www.linkedin.com/search/results/people/?keywords=Spotify%20product%20recruiter,Stockholm HQ (scenic Nordics); relocates global talent.,,,,,,ok,2026-09-28
Klarna,Product Manager,Product,"Stockholm, SE",Europe,Likely / check,SEK 700k–1.1M,https://www.klarna.com/careers/,,https://www.linkedin.com/search/results/people/?keywords=Klarna%20product%20recruiter,Stockholm fintech; AI-forward product org.,,,,,,ok,2026-09-28
Uber (internal transfer),PM II → Senior PM (US/global),Product,San Francisco / NYC / Amsterdam,US,Sponsors visa,$160k–$230k+,https://www.uber.com/us/en/careers/,Your current manager + internal mobility / People team,https://www.linkedin.com/search/results/people/?keywords=Uber%20product%20recruiter,STRONGEST near-term path: as a current employee you may qualify for an L-1 intra-company transfer (no H-1B lottery). Explore Uber Amsterdam (HSM visa) too.,,,,,,unknown,2026-09-28
Google,Product Manager,Product,Mountain View / NYC,US,Sponsors visa,$170k–$230k,https://www.google.com/about/careers/applications/,,https://www.linkedin.com/search/results/people/?keywords=Google%20product%20recruiter,500+ PM H-1B approvals/yr; APM→PM pipeline. Avg PM LCA ~$192k.,,,,,,ok,2026-09-28
Amazon,Product Manager,Product,Seattle / Bay Area,US,Sponsors visa,$150k–$210k,https://www.amazon.jobs/en/,,https://www.linkedin.com/search/results/people/?keywords=Amazon%20product%20recruiter,Largest US PM H-1B sponsor (~800/yr). Robust internal mobility.,,,,,,ok,2026-09-28
Microsoft,Product Manager II,Product,Redmond / Bay Area,US,Sponsors visa,$150k–$210k,https://careers.microsoft.com/,,https://www.linkedin.com/search/results/people/?keywords=Microsoft%20product%20recruiter,Deep PM H-1B track record (~600/yr); PM II→Senior path documented.,,,,,,ok,2026-09-28
Meta,Product Manager,Product,Menlo Park / NYC,US,Sponsors visa,$200k–$260k,https://www.metacareers.com/,,https://www.linkedin.com/search/results/people/?keywords=Meta%20product%20recruiter,Technical PM roles; high avg comp (~$234k LCA). RPM program.,,,,,,unknown,2026-09-28
DoorDash,Product Manager,Product,"San Francisco, US",US,Sponsors visa,$160k–$230k,https://careers.doordash.com/,,https://www.linkedin.com/search/results/people/?keywords=DoorDash%20product%20recruiter,Marketplace/logistics PM — natural fit for Uber background. Sponsors H-1B.,,,,,,unknown,2026-09-28
Airbnb,Product Manager,Product,"San Francisco, US",US,Sponsors visa,$170k–$240k,https://careers.airbnb.com/,,https://www.linkedin.com/search/results/people/?keywords=Airbnb%20product%20recruiter,Platform PM roles; established H-1B precedent.,,,,,,ok,2026-09-28
Databricks,Product Manager,Product,"San Francisco, US",US,Sponsors visa,$170k–$240k,https://www.databricks.com/company/careers,,https://www.linkedin.com/search/results/people/?keywords=Databricks%20product%20recruiter,Data-platform PM; technical JDs strengthen visa case. Also hires in Amsterdam.,,,,,,ok,2026-09-28
Careem (Uber-owned),Product Manager II — Grocery (founding team),Founding,"Dubai, UAE",Dubai,Sponsors visa,AED 25k–40k/mo (tax-free),https://boards.greenhouse.io/careem/jobs/7799141002,,https://www.linkedin.com/search/results/people/?keywords=Careem%20product%20recruiter,"Ex-Uber DNA + you're already Uber — internal familiarity is an edge. Founding grocery team, IC PM II role. UAE sponsors work visas.",,,,,,ok,2026-09-28
Noon,Product Manager 2,Product,"Dubai, UAE",Dubai,Sponsors visa,AED 22k–35k/mo (tax-free),https://www.jobaaj.com/job/noon-product-manager-2-dubai-united-arab-emirates-4-to-6-years-1158137,,https://www.linkedin.com/search/results/people/?keywords=Noon%20product%20recruiter,Largest GCC e-commerce; marketplace/consumer-app PM. 4–6 yrs.,,,,,,ok,2026-09-28
Talabat (Delivery Hero),Product Manager,Product,"Dubai, UAE",Dubai,Sponsors visa,AED 22k–35k/mo (tax-free),https://www.talabat.com/careers,,https://www.linkedin.com/search/results/people/?keywords=Talabat%20product%20recruiter,"Delivery super-app, Berlin product practices. Strong fit for Uber Eats-style background.",,,,,,stale,2026-09-28
Tabby,Product Manager,Product,"Dubai, UAE",Dubai,Likely / check,AED 25k–40k/mo (tax-free),https://tabby.ai/careers,,https://www.linkedin.com/search/results/people/?keywords=Tabby%20product%20recruiter,MENA BNPL unicorn; fast-growing fintech product org.,,,,,,ok,2026-09-28
Property Finder,Product Manager,Product,"Dubai, UAE",Dubai,Likely / check,AED 22k–35k/mo (tax-free),https://www.propertyfinder.ae/en/careers,,https://www.linkedin.com/search/results/people/?keywords=Property%20Finder%20product%20recruiter,PropTech marketplace; product-led org in Dubai.,,,,,,unknown,2026-09-28
Lago (YC),Growth Chief of Staff (BizOps/GTM),Founding,Remote (Europe) · SF HQ,Remote,Confirm w/ company,€80k–€110k,https://www.ycombinator.com/companies/lago/jobs/wNlGfdi-growth-chief-of-staff,"Founders: Anh-Tho Chuong (CEO), Raffi Sarkissian",https://www.linkedin.com/search/results/people/?keywords=Lago%20product%20recruiter,"Open-source billing, YC. Founder's-office role w/ GTM ownership. 5+ yrs BizOps/RevOps. Apply via founders directly.",,,,,,stale,2026-09-28
Verso (Hexa / eFounders),Chief of Staff,Founding,"Paris, France",Europe,Confirm w/ company,€60k–€90k + equity,https://www.collective.work/jobs/en/chief-of-staff-verso-backed-by-hexa-tmi0,"Founders: Lydia Bellahouel (CEO, ex-BCG), Camille Epitalon (CTO)",https://www.linkedin.com/search/results/people/?keywords=Verso%20product%20recruiter,"2025 AI startup from Hexa studio (made Front, Aircall, Spendesk). Ops backbone + fundraising. 3–5 yrs.",,,,,,ok,2026-09-28
Granite / Bifrost Studios,Chief of Staff (→ VP Ops/COO),Founding,"Copenhagen (hybrid, EU)",Europe,Confirm w/ company,Competitive + equity,https://join.com/companies/bifrost/16308202-chief-of-staff-hybrid-in-europe,Founding team (exited founders) — reach via listing,https://www.linkedin.com/search/results/people/?keywords=Granite%20/%20Bifrost%20Studios%20product%20recruiter,"Agentic cloud infra; first operational hire, direct line to CEO. 4+ yrs CoS/BizOps.",,,,,,stale,2026-09-28
Gojiberry AI (YC P26),Founding Product Manager,Founding,Remote (US/EU/UK),Remote,Confirm w/ company,€55k–€90k + equity,https://www.ycombinator.com/companies/gojiberry-ai/jobs/LSE9w6D-founding-product-manager-full-remote-ai-saas,Founders (via YC listing),https://www.linkedin.com/search/results/people/?keywords=Gojiberry%20AI%20product%20recruiter,AI-native GTM platform. 'US visa not required.' Figma + AI-tool fluency expected. 5+ yrs PM.,,,,,,stale,2026-09-28
duvo.ai,Founding Product Manager,Founding,Remote (EU/UK) · Prague HQ,Remote,Confirm w/ company,Equity-heavy + comp,https://builtin.com/job/founding-product-manager/8989874,Hiring manager screen first (per their process),https://www.linkedin.com/search/results/people/?keywords=duvo.ai%20product%20recruiter,AI ops for retail/CPG. 0→1 product ownership. EU/UK-based remote.,,,,,,ok,2026-09-28
handly (20VC-backed),Founding Product Manager,Founding,"Berlin, DE (in-office)",Europe,EU permit needed,€80k–€100k,https://join.com/companies/handly/16256640-founding-product-manager-handly-20vc-backed,Bastian Meyer — Co-Founder & CEO,https://www.linkedin.com/search/results/people/?keywords=handly%20product%20recruiter,AI OS for craft businesses. NOTE: requires fluent German (product is German). Builder PM role.,,,,,,stale,2026-09-28
Wrike,Group Product Manager [Klaxoon],Product,See listing,Europe,Likely / check,,https://www.arbeitnow.com/jobs/group-product-manager-klaxoon-418195,,https://www.linkedin.com/search/results/people/?keywords=Wrike%20product%20recruiter,Live posting from Arbeitnow. Verify visa/relocation before applying.,,,,,,stale,2026-09-28
Zasta Karriere,Chief of Staff (m/w/d),Founding,Berlin,Europe,Likely / check,,https://www.arbeitnow.com/jobs/chief-of-staff-berlin-473540,,https://www.linkedin.com/search/results/people/?keywords=Zasta%20Karriere%20product%20recruiter,Live posting from Arbeitnow. Verify visa/relocation before applying.,,,,,,stale,2026-09-28
Cuspai,Technical Program Manager (AI/ML),Ops,"Berlin, DE",Europe,Likely / check,,https://www.arbeitnow.com/jobs/technical-program-manager-ai-ml-berlin-15679,,https://www.linkedin.com/search/results/people/?keywords=Cuspai%20operations%20recruiter,Live posting from Arbeitnow. Verify visa/relocation before applying.,,,,,,stale,2026-09-28
NeuroNation,"Junior Product Manager (m,w,d)",Product,Berlin,Europe,Likely / check,,https://www.arbeitnow.com/jobs/junior-product-manager-mwd-berlin-38027,,https://www.linkedin.com/search/results/people/?keywords=NeuroNation%20product%20recruiter,Live posting from Arbeitnow. Verify visa/relocation before applying.,,,,,,stale,2026-09-28
Yubico,Senior Product Manager,Product,"Remote US (EST), London",London,Likely / check,,https://www.arbeitnow.com/jobs/remote-senior-product-manager-237754,,https://www.linkedin.com/search/results/people/?keywords=Yubico%20product%20recruiter,Live posting from Arbeitnow. Verify visa/relocation before applying.,,,,,,stale,2026-09-28
London School of Excellence,Operations Manager - Education & Student Services,Ops,London,London,Likely / check,,https://www.arbeitnow.com/jobs/operations-manager-education-student-services-london-257699,,https://www.linkedin.com/search/results/people/?keywords=London%20School%20of%20Excellence%20operations%20recruiter,Live posting from Arbeitnow. Verify visa/relocation before applying.,,,,,,stale,2026-09-28
Awin,"Head of Product, AI Enablement (f/m/d)",Product,London,London,Likely / check,,https://www.arbeitnow.com/jobs/head-of-product-ai-enablement-london-229300,,https://www.linkedin.com/search/results/people/?keywords=Awin%20product%20recruiter,Live posting from Arbeitnow. Verify visa/relocation before applying.,,,,,,stale,2026-09-28
Carwow,Campaign Operations Manager,Ops,London,London,Likely / check,,https://www.arbeitnow.com/jobs/campaign-operations-manager-london-341670,,https://www.linkedin.com/search/results/people/?keywords=Carwow%20operations%20recruiter,Live posting from Arbeitnow. Verify visa/relocation before applying.,,,,,,stale,2026-09-28
hellofresh,Product Manager (12 month FTC),Product,London,London,Likely / check,,https://www.arbeitnow.com/jobs/product-manager-12-month-ftc-london-369950,,https://www.linkedin.com/search/results/people/?keywords=hellofresh%20product%20recruiter,Live posting from Arbeitnow. Verify visa/relocation before applying.,,,,,,stale,2026-09-28
SumUp,Senior Product Manager - Consumer Lifecycle,Product,"London, England, United Kingdom",London,Likely / check,,https://www.arbeitnow.com/jobs/senior-product-manager-consumer-lifecycle-london-77219,,https://www.linkedin.com/search/results/people/?keywords=SumUp%20product%20recruiter,Live posting from Arbeitnow. Verify visa/relocation before applying.,,,,,,stale,2026-09-28
Super,Senior Product Manager - Sports Trading,Product,See listing,Europe,Likely / check,,https://www.arbeitnow.com/jobs/senior-product-manager-sports-trading-435499,,https://www.linkedin.com/search/results/people/?keywords=Super%20product%20recruiter,Live posting from Arbeitnow. Verify visa/relocation before applying.,,,,,,stale,2026-09-28
Super,Head of Product Design - Manager role,Product,See listing,Europe,Likely / check,,https://www.arbeitnow.com/jobs/head-of-product-design-manager-role-407146,,https://www.linkedin.com/search/results/people/?keywords=Super%20product%20recruiter,Live posting from Arbeitnow. Verify visa/relocation before applying.,,,,,,stale,2026-09-28
Erasys,Junior Product Owner,Product,Hybrid,Europe,Likely / check,,https://www.arbeitnow.com/jobs/junior-product-owner-hybrid-418921,,https://www.linkedin.com/search/results/people/?keywords=Erasys%20product%20recruiter,Live posting from Arbeitnow. Verify visa/relocation before applying.,,,,,,unknown,2026-09-28
Ddome,Senior Product Manager,Product,See listing,Europe,Likely / check,,https://www.arbeitnow.com/jobs/senior-product-manager-479191,,https://www.linkedin.com/search/results/people/?keywords=Ddome%20product%20recruiter,Live posting from Arbeitnow. Verify visa/relocation before applying.,,,,,,unknown,2026-09-28
Onhires,HR & EOR Operations Manager,Ops,Switherland,Europe,Likely / check,,https://www.arbeitnow.com/jobs/hr-eor-operations-manager-switherland-159439,,https://www.linkedin.com/search/results/people/?keywords=Onhires%20operations%20recruiter,Live posting from Arbeitnow. Verify visa/relocation before applying.,,,,,,unknown,2026-09-28
Referralsuseonly,Senior Product Manager (XDR) - Security Solutions,Product,See listing,Europe,Likely / check,,https://www.arbeitnow.com/jobs/senior-product-manager-xdr-security-solutions-459330,,https://www.linkedin.com/search/results/people/?keywords=Referralsuseonly%20product%20recruiter,Live posting from Arbeitnow. Verify visa/relocation before applying.,,,,,,unknown,2026-09-28
Referralsuseonly,Principal Product Manager (XDR & Exposure Management) - Security Solutions,Product,See listing,Europe,Likely / check,,https://www.arbeitnow.com/jobs/principal-product-manager-xdr-exposure-management-security-solutions-168978,,https://www.linkedin.com/search/results/people/?keywords=Referralsuseonly%20product%20recruiter,Live posting from Arbeitnow. Verify visa/relocation before applying.,,,,,,unknown,2026-09-28
Referralsuseonly,Principal Product Manager (Strategic Account Interactions) - Security Solutions,Product,See listing,Europe,Likely / check,,https://www.arbeitnow.com/jobs/principal-product-manager-strategic-account-interactions-security-solutions-201744,,https://www.linkedin.com/search/results/people/?keywords=Referralsuseonly%20product%20recruiter,Live posting from Arbeitnow. Verify visa/relocation before applying.,,,,,,unknown,2026-09-28
Neuralconcept,"Product Manager, Vertical Solutions - Switzerland",Product,Lausanne,US,Likely / check,,https://www.arbeitnow.com/jobs/product-manager-vertical-solutions-switzerland-lausanne-140019,,https://www.linkedin.com/search/results/people/?keywords=Neuralconcept%20product%20recruiter,Live posting from Arbeitnow. Verify visa/relocation before applying.,,,,,,unknown,2026-09-28
Neuralconcept,Product Manager - Switzerland,Product,Lausanne,US,Likely / check,,https://www.arbeitnow.com/jobs/product-manager-switzerland-lausanne-343368,,https://www.linkedin.com/search/results/people/?keywords=Neuralconcept%20product%20recruiter,Live posting from Arbeitnow. Verify visa/relocation before applying.,,,,,,unknown,2026-09-28
Neuralconcept,"Product Manager, Vertical Solutions",Product,Lausanne,US,Likely / check,,https://www.arbeitnow.com/jobs/product-manager-vertical-solutions-lausanne-96519,,https://www.linkedin.com/search/results/people/?keywords=Neuralconcept%20product%20recruiter,Live posting from Arbeitnow. Verify visa/relocation before applying.,,,,,,unknown,2026-09-28
Mway,Technical Product Owner (m/w/d),Product,Stuttgart,Europe,Likely / check,,https://www.arbeitnow.com/jobs/technical-product-owner-stuttgart-330416,,https://www.linkedin.com/search/results/people/?keywords=Mway%20product%20recruiter,Live posting from Arbeitnow. Verify visa/relocation before applying.,,,,,,unknown,2026-09-28
Charlesundcharlottegmbh,Head of Production (m/f/x),Product,Berlin,Europe,Likely / check,,https://www.arbeitnow.com/jobs/head-of-production-berlin-14496,,https://www.linkedin.com/search/results/people/?keywords=Charlesundcharlottegmbh%20product%20recruiter,Live posting from Arbeitnow. Verify visa/relocation before applying.,,,,,,unknown,2026-09-28
Imfusion,Technical Product Owner – C++ SDK & ImFusion Suite,Product,Munich,Europe,Likely / check,,https://www.arbeitnow.com/jobs/technical-product-owner-c-sdk-imfusion-suite-munich-32634,,https://www.linkedin.com/search/results/people/?keywords=Imfusion%20product%20recruiter,Live posting from Arbeitnow. Verify visa/relocation before applying.,,,,,,unknown,2026-09-28
exmox,Senior Technical Product Manager (f/m/x),Product,Hamburg,Europe,Likely / check,,https://www.arbeitnow.com/jobs/senior-technical-product-manager-hamburg-281413,,https://www.linkedin.com/search/results/people/?keywords=exmox%20product%20recruiter,Live posting from Arbeitnow. Verify visa/relocation before applying.,,,,,,unknown,2026-09-28
Wolt - English,"Product Manager, Courier Delivery Experience",Product,"Berlin, Berlin, Germany",Europe,Likely / check,,https://www.arbeitnow.com/jobs/product-manager-courier-delivery-experience-berlin-78346,,https://www.linkedin.com/search/results/people/?keywords=Wolt%20-%20English%20product%20recruiter,Live posting from Arbeitnow. Verify visa/relocation before applying.,,,,,,unknown,2026-09-28
isaraerospace,Senior Program Manager Launch Services (m/f/d),Ops,"Parsdorf, Bavaria",Europe,Likely / check,,https://www.arbeitnow.com/jobs/senior-program-manager-launch-services-parsdorf-bavaria-336528,,https://www.linkedin.com/search/results/people/?keywords=isaraerospace%20operations%20recruiter,Live posting from Arbeitnow. Verify visa/relocation before applying.,,,,,,unknown,2026-09-28
idealo internet GmbH,Senior Product Manager (m|w|d) Catalog Content,Product,"Berlin, Berlin, Deutschland",Europe,Likely / check,,https://www.arbeitnow.com/jobs/senior-product-manager-mwd-catalog-content-berlin-412032,,https://www.linkedin.com/search/results/people/?keywords=idealo%20internet%20GmbH%20product%20recruiter,Live posting from Arbeitnow. Verify visa/relocation before applying.,,,,,,unknown,2026-09-28
Xometryeurope,"Staff Product Manager, Pricing and Manufacturability",Product,Munich,Europe,Likely / check,,https://www.arbeitnow.com/jobs/staff-product-manager-pricing-and-manufacturability-munich-321085,,https://www.linkedin.com/search/results/people/?keywords=Xometryeurope%20product%20recruiter,Live posting from Arbeitnow. Verify visa/relocation before applying.,,,,,,unknown,2026-09-28
Menlosecurity,Senior Product Manager,Product,EMEA - UK,London,Likely / check,,https://www.arbeitnow.com/jobs/senior-product-manager-bracknell-391426,,https://www.linkedin.com/search/results/people/?keywords=Menlosecurity%20product%20recruiter,Live posting from Arbeitnow. Verify visa/relocation before applying.,,,,,,unknown,2026-09-28
Distrokid,Growth Product Manager,Product,See listing,Europe,Likely / check,,https://www.arbeitnow.com/jobs/growth-product-manager-96496,,https://www.linkedin.com/search/results/people/?keywords=Distrokid%20product%20recruiter,Live posting from Arbeitnow. Verify visa/relocation before applying.,,,,,,unknown,2026-09-28
Wpp,"Product Manager, Performance AI",Product,See listing,Europe,Likely / check,,https://www.arbeitnow.com/jobs/product-manager-performance-ai-496159,,https://www.linkedin.com/search/results/people/?keywords=Wpp%20product%20recruiter,Live posting from Arbeitnow. Verify visa/relocation before applying.,,,,,,unknown,2026-09-28
Scopely,Senior Product Manager (Roadmap) - Star Trek Fleet Command,Product,GB - London,London,Likely / check,,https://www.arbeitnow.com/jobs/senior-product-manager-roadmap-star-trek-fleet-command-gb-london-169456,,https://www.linkedin.com/search/results/people/?keywords=Scopely%20product%20recruiter,Live posting from Arbeitnow. Verify visa/relocation before applying.,,,,,,unknown,2026-09-28
Scopely,Senior Product Manager(Features) - Star Trek Fleet Command,Product,GB - London,London,Likely / check,,https://www.arbeitnow.com/jobs/senior-product-managerfeatures-star-trek-fleet-command-gb-london-408606,,https://www.linkedin.com/search/results/people/?keywords=Scopely%20product%20recruiter,Live posting from Arbeitnow. Verify visa/relocation before applying.,,,,,,unknown,2026-09-28
Abound,Chief of Staff to CTO,Founding,London,London,Likely / check,,https://www.arbeitnow.com/jobs/chief-of-staff-to-cto-london-40936,,https://www.linkedin.com/search/results/people/?keywords=Abound%20product%20recruiter,Live posting from Arbeitnow. Verify visa/relocation before applying.,,,,,,unknown,2026-09-28
Starrez,"Product Owner, College Pads",Product,See listing,Europe,Likely / check,,https://www.arbeitnow.com/jobs/product-owner-college-pads-165041,,https://www.linkedin.com/search/results/people/?keywords=Starrez%20product%20recruiter,Live posting from Arbeitnow. Verify visa/relocation before applying.,,,,,,unknown,2026-09-28
Goodlord,Head of Product Marketing,Product,London,London,Likely / check,,https://www.arbeitnow.com/jobs/head-of-product-marketing-london-460223,,https://www.linkedin.com/search/results/people/?keywords=Goodlord%20product%20recruiter,Live posting from Arbeitnow. Verify visa/relocation before applying.,,,,,,unknown,2026-09-28
Verifone,Senior Product Manager - Hardware,Product,London,London,Likely / check,,https://www.arbeitnow.com/jobs/senior-product-manager-hardware-london-368409,,https://www.linkedin.com/search/results/people/?keywords=Verifone%20product%20recruiter,Live posting from Arbeitnow. Verify visa/relocation before applying.,,,,,,unknown,2026-09-28
Orakl Oncology,"Program Manager, Platform & Operations",Ops,Villejuif,Europe,Likely / check,,https://www.arbeitnow.com/jobs/program-manager-platform-operations-villejuif-277769,,https://www.linkedin.com/search/results/people/?keywords=Orakl%20Oncology%20operations%20recruiter,Live posting from Arbeitnow. Verify visa/relocation before applying.,,,,,,unknown,2026-09-28
Aircall,Product Manager Intern,Product,Paris Office,Europe,Likely / check,,https://www.arbeitnow.com/jobs/product-manager-intern-paris-office-442641,,https://www.linkedin.com/search/results/people/?keywords=Aircall%20product%20recruiter,Live posting from Arbeitnow. Verify visa/relocation before applying.,,,,,,unknown,2026-09-28
idnow,"(Senior) Product Manager, Trust Platform- Core (f/m/d)",Product,"Rennes, Ille-et-Vilaine",Europe,Likely / check,,https://www.arbeitnow.com/jobs/senior-product-manager-trust-platform-core-rennes-ille-et-vilaine-330623,,https://www.linkedin.com/search/results/people/?keywords=idnow%20product%20recruiter,Live posting from Arbeitnow. Verify visa/relocation before applying.,,,,,,unknown,2026-09-28
Genesis,Technical Product Manager (FR),Product,Paris,Europe,Likely / check,,https://www.arbeitnow.com/jobs/technical-product-manager-fr-paris-480507,,https://www.linkedin.com/search/results/people/?keywords=Genesis%20product%20recruiter,Live posting from Arbeitnow. Verify visa/relocation before applying.,,,,,,unknown,2026-09-28
Homa Games,Lead Product Manager - RPG,Product,"Paris, France",Europe,Likely / check,,https://www.arbeitnow.com/jobs/remote-lead-product-manager-rpg-paris-453503,,https://www.linkedin.com/search/results/people/?keywords=Homa%20Games%20product%20recruiter,Live posting from Arbeitnow. Verify visa/relocation before applying.,,,,,,unknown,2026-09-28
Neuralconcept,Revenue Operations Manager - Switzerland,Ops,Lausanne,US,Likely / check,,https://www.arbeitnow.com/jobs/revenue-operations-manager-switzerland-lausanne-126506,,https://www.linkedin.com/search/results/people/?keywords=Neuralconcept%20operations%20recruiter,Live posting from Arbeitnow. Verify visa/relocation before applying.,,,,,,unknown,2026-09-28
BLP Digital AG,Founding Product Manager,Founding,Zurich,Europe,Likely / check,,https://www.arbeitnow.com/jobs/founding-product-manager-zurich-454064,,https://www.linkedin.com/search/results/people/?keywords=BLP%20Digital%20AG%20product%20recruiter,Live posting from Arbeitnow. Verify visa/relocation before applying.,,,,,,unknown,2026-09-28
RobCo,Technical Program Manager (m/f/d),Ops,Munich,Europe,Likely / check,,https://www.arbeitnow.com/jobs/technical-program-manager-munich-388491,,https://www.linkedin.com/search/results/people/?keywords=RobCo%20operations%20recruiter,Live posting from Arbeitnow. Verify visa/relocation before applying.,,,,,,unknown,2026-09-28
Almedia,Product Manager,Product,Berlin,Europe,Likely / check,,https://www.arbeitnow.com/jobs/product-manager-berlin-96348,,https://www.linkedin.com/search/results/people/?keywords=Almedia%20product%20recruiter,Live posting from Arbeitnow. Verify visa/relocation before applying.,,,,,,unknown,2026-09-28
Almedia,Product Lead - Adtech,Product,Berlin,Europe,Likely / check,,https://www.arbeitnow.com/jobs/product-lead-adtech-berlin-71381,,https://www.linkedin.com/search/results/people/?keywords=Almedia%20product%20recruiter,Live posting from Arbeitnow. Verify visa/relocation before applying.,,,,,,unknown,2026-09-28
Almedia,Product Lead,Product,Berlin,Europe,Likely / check,,https://www.arbeitnow.com/jobs/product-lead-berlin-265601,,https://www.linkedin.com/search/results/people/?keywords=Almedia%20product%20recruiter,Live posting from Arbeitnow. Verify visa/relocation before applying.,,,,,,unknown,2026-09-28
Almedia,Head of Product Design,Product,Berlin,Europe,Likely / check,,https://www.arbeitnow.com/jobs/head-of-product-design-berlin-386553,,https://www.linkedin.com/search/results/people/?keywords=Almedia%20product%20recruiter,Live posting from Arbeitnow. Verify visa/relocation before applying.,,,,,,unknown,2026-09-28
Deutsche Gesellschaft für Nachhaltiges Bauen - DGNB e.V.,Technical Product Lead / Software Architekt (m/w/d)   ab sofort,Product,Stuttgart,Europe,Likely / check,,https://www.arbeitnow.com/jobs/technical-product-lead-software-architekt-ab-sofort-stuttgart-175462,,https://www.linkedin.com/search/results/people/?keywords=Deutsche%20Gesellschaft%20f%C3%BCr%20Nachhaltiges%20Bauen%20-%20DGNB%20e.V.%20product%20recruiter,Live posting from Arbeitnow. Verify visa/relocation before applying.,,,,,,unknown,2026-09-28
Glassdollar,Associate Product Owner,Product,Berlin,Europe,Likely / check,,https://www.arbeitnow.com/jobs/associate-product-owner-berlin-160006,,https://www.linkedin.com/search/results/people/?keywords=Glassdollar%20product%20recruiter,Live posting from Arbeitnow. Verify visa/relocation before applying.,,,,,,unknown,2026-09-28
Sunday Natural,Junior App Product Owner (all genders),Product,Berlin,Europe,Likely / check,,https://www.arbeitnow.com/jobs/junior-app-product-owner-all-genders-berlin-12808,,https://www.linkedin.com/search/results/people/?keywords=Sunday%20Natural%20product%20recruiter,Live posting from Arbeitnow. Verify visa/relocation before applying.,,,,,,unknown,2026-09-28
Berlitz,Group Product Manager - Enterprise & Commercial (m/f/d),Product,Germany Remote,Europe,Likely / check,,https://www.arbeitnow.com/jobs/remote-group-product-manager-enterprise-commercial-405451,,https://www.linkedin.com/search/results/people/?keywords=Berlitz%20product%20recruiter,Live posting from Arbeitnow. Verify visa/relocation before applying.,,,,,,unknown,2026-09-28
Berlitz,Product Manager - Growth & Website (m/f/d),Product,Germany Remote,Europe,Likely / check,,https://www.arbeitnow.com/jobs/remote-product-manager-growth-website-94375,,https://www.linkedin.com/search/results/people/?keywords=Berlitz%20product%20recruiter,Live posting from Arbeitnow. Verify visa/relocation before applying.,,,,,,unknown,2026-09-28
Dieproduktmacher,Head of Product Management,Product,München,Europe,Likely / check,,https://www.arbeitnow.com/jobs/head-of-product-management-munchen-380580,,https://www.linkedin.com/search/results/people/?keywords=Dieproduktmacher%20product%20recruiter,Live posting from Arbeitnow. Verify visa/relocation before applying.,,,,,,unknown,2026-09-28
Getquin,"Senior Product Manager, Wealth & AI (f/m/d)",Product,Berlin,Europe,Likely / check,,https://www.arbeitnow.com/jobs/senior-product-manager-wealth-ai-berlin-27441,,https://www.linkedin.com/search/results/people/?keywords=Getquin%20product%20recruiter,Live posting from Arbeitnow. Verify visa/relocation before applying.,,,,,,unknown,2026-09-28
Ocumeda Ag,Chief of Staff (m/w/d),Founding,München,Europe,Likely / check,,https://www.arbeitnow.com/jobs/chief-of-staff-munchen-493744,,https://www.linkedin.com/search/results/people/?keywords=Ocumeda%20Ag%20product%20recruiter,Live posting from Arbeitnow. Verify visa/relocation before applying.,,,,,,unknown,2026-09-28
plancraft,Senior AI Product Manager (f/m/d),Product,Hamburg (hybrid),Europe,Likely / check,,https://www.arbeitnow.com/jobs/senior-ai-product-manager-hamburg-115624,,https://www.linkedin.com/search/results/people/?keywords=plancraft%20product%20recruiter,Live posting from Arbeitnow. Verify visa/relocation before applying.,,,,,,unknown,2026-09-28
1Global,Senior AI Product Manager,Product,"Berlin, Germany",Europe,Likely / check,,https://www.arbeitnow.com/jobs/senior-ai-product-manager-berlin-189704,,https://www.linkedin.com/search/results/people/?keywords=1Global%20product%20recruiter,Live posting from Arbeitnow. Verify visa/relocation before applying.,,,,,,unknown,2026-09-28
1Global,Lead Product Manager,Product,"Berlin, Germany",Europe,Likely / check,,https://www.arbeitnow.com/jobs/lead-product-manager-berlin-467186,,https://www.linkedin.com/search/results/people/?keywords=1Global%20product%20recruiter,Live posting from Arbeitnow. Verify visa/relocation before applying.,,,,,,unknown,2026-09-28
Contabo,Senior Cloud Product Manager (all genders),Product,Remote (Germany),Europe,Likely / check,,https://www.arbeitnow.com/jobs/remote-senior-cloud-product-manager-all-genders-180900,,https://www.linkedin.com/search/results/people/?keywords=Contabo%20product%20recruiter,Live posting from Arbeitnow. Verify visa/relocation before applying.,,,,,,unknown,2026-09-28
Product Manager,Product Manager,Product,Germany/EU,Europe,Sponsors visa,,https://www.arbeitnow.com/jobs/product-manager,,https://www.linkedin.com/search/results/people/?keywords=Product%20Manager%20product%20recruiter,Auto-discovered from Arbeitnow visa-sponsorship board.,,,,,,unknown,2026-09-28
Monzo,"Lead Product Manager, Payments",Product,London,London,Likely / check,,https://job-boards.greenhouse.io/monzo/jobs/8156058,,https://www.linkedin.com/search/results/people/?keywords=Monzo%20product%20recruiter,Live Greenhouse posting at Monzo. Check listing for visa/relocation.,,,,,,ok,2026-09-28
Monzo,Senior FinCrime Operations Manager,Ops,Dublin,Europe,Likely / check,,https://job-boards.greenhouse.io/monzo/jobs/8225870,,https://www.linkedin.com/search/results/people/?keywords=Monzo%20operations%20recruiter,Live Greenhouse posting at Monzo. Check listing for visa/relocation.,,,,,,ok,2026-09-28
Monzo,Senior Fraud Operations Manager,Ops,Dublin,Europe,Likely / check,,https://job-boards.greenhouse.io/monzo/jobs/8225843,,https://www.linkedin.com/search/results/people/?keywords=Monzo%20operations%20recruiter,Live Greenhouse posting at Monzo. Check listing for visa/relocation.,,,,,,ok,2026-09-28
Monzo,Senior Technical Program Manager,Ops,London,London,Likely / check,,https://job-boards.greenhouse.io/monzo/jobs/8083280,,https://www.linkedin.com/search/results/people/?keywords=Monzo%20operations%20recruiter,Live Greenhouse posting at Monzo. Check listing for visa/relocation.,,,,,,ok,2026-09-28
Monzo,"Staff Technical Program Manager, Operations",Ops,London,London,Likely / check,,https://job-boards.greenhouse.io/monzo/jobs/8222576,,https://www.linkedin.com/search/results/people/?keywords=Monzo%20operations%20recruiter,Live Greenhouse posting at Monzo. Check listing for visa/relocation.,,,,,,ok,2026-09-28
Deliveroo,"Global Program Manager, Product / CX / Automation",Ops,"London, United Kingdom - Deliveroo",London,Likely / check,,https://job-boards.greenhouse.io/deliveroo/jobs/8206527,,https://www.linkedin.com/search/results/people/?keywords=Deliveroo%20operations%20recruiter,Live Greenhouse posting at Deliveroo. Check listing for visa/relocation.,,,,,,unknown,2026-09-28
Deliveroo,Partner Operations Manager,Ops,"Manchester, United Kingdom",London,Likely / check,,https://job-boards.greenhouse.io/deliveroo/jobs/8206029,,https://www.linkedin.com/search/results/people/?keywords=Deliveroo%20operations%20recruiter,Live Greenhouse posting at Deliveroo. Check listing for visa/relocation.,,,,,,ok,2026-09-28
Deliveroo,"Product Manager, Double Order",Product,"London, England",London,Likely / check,,https://job-boards.greenhouse.io/deliveroo/jobs/8205858,,https://www.linkedin.com/search/results/people/?keywords=Deliveroo%20product%20recruiter,Live Greenhouse posting at Deliveroo. Check listing for visa/relocation.,,,,,,ok,2026-09-28
Deliveroo,Senior Product Manager,Product,"London, England",London,Likely / check,,https://job-boards.greenhouse.io/deliveroo/jobs/8206031,,https://www.linkedin.com/search/results/people/?keywords=Deliveroo%20product%20recruiter,Live Greenhouse posting at Deliveroo. Check listing for visa/relocation.,,,,,,ok,2026-09-28
Deliveroo,"Senior Product Manager, Core People Technology",Product,"London, United Kingdom - Deliveroo",London,Likely / check,,https://job-boards.greenhouse.io/deliveroo/jobs/8206559,,https://www.linkedin.com/search/results/people/?keywords=Deliveroo%20product%20recruiter,Live Greenhouse posting at Deliveroo. Check listing for visa/relocation.,,,,,,ok,2026-09-28
Deliveroo,"Senior Product Manager, New Verticals",Product,"London, United Kingdom",London,Likely / check,,https://job-boards.greenhouse.io/deliveroo/jobs/8206045,,https://www.linkedin.com/search/results/people/?keywords=Deliveroo%20product%20recruiter,Live Greenhouse posting at Deliveroo. Check listing for visa/relocation.,,,,,,ok,2026-09-28
Deliveroo,"Senior Product Manager, Retail",Product,"London, England",London,Likely / check,,https://job-boards.greenhouse.io/deliveroo/jobs/8206035,,https://www.linkedin.com/search/results/people/?keywords=Deliveroo%20product%20recruiter,Live Greenhouse posting at Deliveroo. Check listing for visa/relocation.,,,,,,ok,2026-09-28
Deliveroo,Senior Regional Operations Manager,Ops,"Milan, Italy",Europe,Likely / check,,https://job-boards.greenhouse.io/deliveroo/jobs/8206657,,https://www.linkedin.com/search/results/people/?keywords=Deliveroo%20operations%20recruiter,Live Greenhouse posting at Deliveroo. Check listing for visa/relocation.,,,,,,ok,2026-09-28
Deliveroo,SMB Program Manager,Ops,"Manchester, United Kingdom",London,Likely / check,,https://job-boards.greenhouse.io/deliveroo/jobs/8205822,,https://www.linkedin.com/search/results/people/?keywords=Deliveroo%20operations%20recruiter,Live Greenhouse posting at Deliveroo. Check listing for visa/relocation.,,,,,,ok,2026-09-28
Deliveroo,"Staff Product Manager, People Product",Product,"London, United Kingdom - Deliveroo",London,Likely / check,,https://job-boards.greenhouse.io/deliveroo/jobs/8205774,,https://www.linkedin.com/search/results/people/?keywords=Deliveroo%20product%20recruiter,Live Greenhouse posting at Deliveroo. Check listing for visa/relocation.,,,,,,ok,2026-09-28
Deliveroo,Strategy & Operations Manager – Emerging Fraud & Abuse,Ops,"London, England",London,Likely / check,,https://job-boards.greenhouse.io/deliveroo/jobs/8206375,,https://www.linkedin.com/search/results/people/?keywords=Deliveroo%20operations%20recruiter,Live Greenhouse posting at Deliveroo. Check listing for visa/relocation.,,,,,,ok,2026-09-28
Deliveroo,Strategy & Operations Manager - Payments Risk & Fraud,Ops,"London, England",London,Likely / check,,https://job-boards.greenhouse.io/deliveroo/jobs/8206371,,https://www.linkedin.com/search/results/people/?keywords=Deliveroo%20operations%20recruiter,Live Greenhouse posting at Deliveroo. Check listing for visa/relocation.,,,,,,ok,2026-09-28
